-- phpMyAdmin SQL Dump
-- version 5.1.3
-- https://www.phpmyadmin.net/
--
-- Host: 127.0.0.1
-- Waktu pembuatan: 07 Mar 2022 pada 05.26
-- Versi server: 10.1.38-MariaDB
-- Versi PHP: 7.4.28

SET SQL_MODE = "NO_AUTO_VALUE_ON_ZERO";
START TRANSACTION;
SET time_zone = "+00:00";


/*!40101 SET @OLD_CHARACTER_SET_CLIENT=@@CHARACTER_SET_CLIENT */;
/*!40101 SET @OLD_CHARACTER_SET_RESULTS=@@CHARACTER_SET_RESULTS */;
/*!40101 SET @OLD_COLLATION_CONNECTION=@@COLLATION_CONNECTION */;
/*!40101 SET NAMES utf8mb4 */;

--
-- Database: `sodevi.dimata`
--

-- --------------------------------------------------------

--
-- Struktur dari tabel `app_user`
--

CREATE TABLE `app_user` (
  `id` int(11) NOT NULL,
  `name` varchar(128) NOT NULL,
  `email` varchar(100) NOT NULL,
  `image` varchar(128) NOT NULL,
  `password` varchar(100) NOT NULL,
  `is_active` int(11) NOT NULL,
  `role_id` int(11) NOT NULL,
  `date_created` int(11) NOT NULL
) ENGINE=InnoDB DEFAULT CHARSET=latin1;

--
-- Dumping data untuk tabel `app_user`
--

INSERT INTO `app_user` (`id`, `name`, `email`, `image`, `password`, `is_active`, `role_id`, `date_created`) VALUES
(1, '', 'qa@dimata.com', '', 'gunadi123', 0, 0, 0),
(2, 'desakpramitha', 'pradnyapramitha89@gmail.com', 'default.jpg', '$2y$10$2wNZRUW7DDUfFWnZbkxRb.4koUsRmU4YW1Nx7Y5BCmnMGc5yg.iYe', 0, 0, 0),
(3, 'decak', 'dsk@gmail.com', 'default.jpg', '$2y$10$qIb7PDPR1xOU/UuWK0h8Z.TtrTZ7kblGUVxOg.0fTHVivW9naYJzW', 0, 0, 0),
(4, 'jozz', 'jozz@gmail.com', 'default.svg', '$2y$10$7S5J4SHLxXuetrQLuiW4g.UoPUxeGczIHWRf0sop695jJ0t.d9IH2', 1, 0, 0),
(5, 'cahaya', 'cahaya@gmail.com', 'default.svg', '$2y$10$iCd.YqNUuQMy4N78fFz/0uo9UeNytXABJWx3sgXfk8oSnqrgZRX4S', 1, 0, 0);

-- --------------------------------------------------------

--
-- Struktur dari tabel `hr_employee`
--

CREATE TABLE `hr_employee` (
  `EMPLOYEE_ID` bigint(20) NOT NULL,
  `FULL_NAME` varchar(50) COLLATE latin1_general_ci DEFAULT NULL,
  `DEPARTMENT_ID` bigint(20) DEFAULT NULL,
  `ADDRESS` varchar(256) COLLATE latin1_general_ci DEFAULT NULL,
  `POSTAL_CODE` varchar(20) COLLATE latin1_general_ci DEFAULT NULL,
  `PHONE` varchar(20) COLLATE latin1_general_ci DEFAULT NULL,
  `HANDPHONE` varchar(20) COLLATE latin1_general_ci DEFAULT NULL,
  `EMAIL` varchar(50) COLLATE latin1_general_ci DEFAULT NULL,
  `SEX` int(1) DEFAULT '0',
  `BIRTH_PLACE` varchar(50) COLLATE latin1_general_ci DEFAULT NULL,
  `BIRTH_DATE` datetime DEFAULT NULL,
  `REG_DATE` datetime DEFAULT NULL,
  `UPDATE_DATE` datetime DEFAULT NULL,
  `RESIGNED` int(5) DEFAULT '0',
  `DESCRIPTION` text COLLATE latin1_general_ci,
  `POSITION_ID` bigint(20) DEFAULT '0'
) ENGINE=MyISAM DEFAULT CHARSET=latin1 COLLATE=latin1_general_ci;

--
-- Dumping data untuk tabel `hr_employee`
--

INSERT INTO `hr_employee` (`EMPLOYEE_ID`, `FULL_NAME`, `DEPARTMENT_ID`, `ADDRESS`, `POSTAL_CODE`, `PHONE`, `HANDPHONE`, `EMAIL`, `SEX`, `BIRTH_PLACE`, `BIRTH_DATE`, `REG_DATE`, `UPDATE_DATE`, `RESIGNED`, `DESCRIPTION`, `POSITION_ID`) VALUES
(504404394827296239, 'Admin', 504404393303472302, 'Jl Gunung Agung', '123', '123', '123', 'admin@dimata.com', 2, 'Dimata', NULL, '2009-03-09 11:24:49', '2008-03-30 19:10:40', 0, 'Default user', NULL),
(504404429306160755, 'Anak Agung Mirah Handayani', 504404408142893730, 'a', '', '', '', '', 0, '', NULL, '2010-04-12 10:51:05', '2010-04-12 10:51:05', 0, '', NULL),
(504404429472269223, 'Made Dwi Sudiaftini', 504404408142893730, '', '', '', '', '', 1, '', NULL, '2010-04-14 08:59:33', '2010-04-14 08:59:33', 0, '', NULL),
(504404429475765177, 'I Putu Agus Mahendra', 504404393303472302, '', '', '', '', '', 0, '', NULL, '2010-04-14 09:57:49', '2010-04-14 09:57:49', 0, '', NULL),
(1, 'I Ketut Kartika Tanjana', 504404393303472302, NULL, NULL, NULL, NULL, NULL, 0, NULL, NULL, NULL, NULL, 0, NULL, NULL),
(2, 'Made Jayeng Matsyarini', 504404393303472302, NULL, NULL, NULL, NULL, NULL, 0, NULL, NULL, NULL, NULL, 0, NULL, NULL),
(3, 'Diani Opiari', 504404408142893730, NULL, NULL, NULL, NULL, NULL, 0, NULL, NULL, NULL, NULL, 0, NULL, NULL),
(4, 'Satrya Ramayu', 504404408142893730, NULL, NULL, NULL, NULL, NULL, 0, NULL, NULL, NULL, NULL, 0, NULL, NULL),
(5, 'Ayu Ari Ardini', 504404408142893730, NULL, NULL, NULL, NULL, NULL, 0, NULL, NULL, NULL, NULL, 0, NULL, NULL),
(6, 'Ari Widiantari', 504404408142893730, NULL, NULL, NULL, NULL, NULL, 0, NULL, NULL, NULL, NULL, 0, NULL, NULL),
(7, 'I Ketut Ayu Purnamaningsih ', 504404408142893730, NULL, NULL, NULL, NULL, NULL, 0, NULL, NULL, NULL, NULL, 0, NULL, NULL),
(8, 'Dian Pramana Putra', 504404408142893730, NULL, NULL, NULL, NULL, NULL, 0, NULL, NULL, NULL, NULL, 0, NULL, NULL),
(9, 'Adi Wijaya', 504404408142893730, NULL, NULL, NULL, NULL, NULL, 0, NULL, NULL, NULL, NULL, 0, NULL, 0),
(10, 'Agus Priska Suryana', 504404408142893730, NULL, NULL, NULL, NULL, NULL, 0, NULL, NULL, '2015-04-02 12:44:13', '2015-04-02 12:44:13', 0, NULL, 0),
(11, 'Hendra Eka Parman', 504404408142893730, NULL, NULL, NULL, NULL, NULL, 0, NULL, NULL, '2015-04-02 12:44:13', '2015-04-02 12:44:13', 0, NULL, 0),
(12, 'Putu Gede Ari Saputra', 504404408142893730, NULL, NULL, NULL, NULL, NULL, 0, NULL, NULL, '2015-04-02 12:44:13', '2015-04-02 12:44:13', 0, NULL, 0),
(13, 'Silpia', 504404408142893730, NULL, NULL, NULL, NULL, NULL, 0, NULL, NULL, '2015-04-02 12:44:13', '2015-04-02 12:44:13', 0, NULL, 0),
(14, 'Ari Ardiadi', 504404408142893730, NULL, NULL, NULL, NULL, NULL, 0, NULL, NULL, '2015-04-02 12:44:13', '2015-04-02 12:44:13', 0, NULL, 0),
(15, 'Witarsana', 504404408142893730, NULL, NULL, NULL, NULL, NULL, 0, NULL, NULL, '2015-04-02 12:44:13', '2015-04-02 12:44:13', 0, NULL, 0),
(16, 'Rida', 504404408142893730, NULL, NULL, NULL, NULL, NULL, 0, NULL, NULL, '2015-04-02 12:44:13', '2015-04-02 12:44:13', 0, NULL, 0),
(17, 'Arta', 504404408142893730, NULL, NULL, NULL, NULL, NULL, 0, NULL, NULL, '2015-04-02 12:44:13', '2015-04-02 12:44:13', 0, NULL, 0),
(18, 'Gunadi', 504404408142893730, NULL, NULL, NULL, NULL, NULL, 0, NULL, NULL, '2015-04-02 12:44:13', '2015-04-02 12:44:13', 0, NULL, 0),
(19, 'Aris', 504404408142893730, NULL, NULL, NULL, NULL, NULL, 0, NULL, NULL, '2015-04-02 12:44:13', '2015-04-02 12:44:13', 0, NULL, 0),
(20190405001, 'Mahendra Nunuk', 504404408142893730, NULL, NULL, NULL, NULL, NULL, 0, NULL, NULL, '2019-04-05 11:25:13', '2019-04-05 11:25:13', 0, NULL, 0);

-- --------------------------------------------------------

--
-- Struktur dari tabel `soft_application`
--

CREATE TABLE `soft_application` (
  `APPLICATION_ID` bigint(20) NOT NULL,
  `PRODUCT_ID` bigint(20) DEFAULT NULL,
  `VERSION` char(20) DEFAULT NULL,
  `BUILD_DATE` date DEFAULT NULL,
  `APP_NOTE` text,
  `TESTER_ID` bigint(20) DEFAULT NULL
) ENGINE=InnoDB DEFAULT CHARSET=latin1;

--
-- Dumping data untuk tabel `soft_application`
--

INSERT INTO `soft_application` (`APPLICATION_ID`, `PRODUCT_ID`, `VERSION`, `BUILD_DATE`, `APP_NOTE`, `TESTER_ID`) VALUES
(1614332162, 1614324366, 'lalala', '2021-02-28', NULL, NULL),
(1614332181, 1614324366, '67', '2021-03-13', NULL, NULL),
(1616577498, 0, 'hguhuhh', '2021-03-24', NULL, NULL),
(1616831109, 1616829669, 'Version 1', '2021-03-21', NULL, NULL),
(1616831435, 1616831395, 'Version 1', '2021-03-21', NULL, NULL),
(504404751663231248, 504404751663205767, 'ProChain Juni 20', '2020-07-03', NULL, NULL);

-- --------------------------------------------------------

--
-- Struktur dari tabel `soft_app_build`
--

CREATE TABLE `soft_app_build` (
  `SOFT_APP_BUILD_ID` bigint(20) NOT NULL,
  `APPLICATION_ID` bigint(20) DEFAULT NULL,
  `BUILD_DATE` date DEFAULT NULL,
  `BUILD_NOTE` text
) ENGINE=InnoDB DEFAULT CHARSET=latin1;

--
-- Dumping data untuk tabel `soft_app_build`
--

INSERT INTO `soft_app_build` (`SOFT_APP_BUILD_ID`, `APPLICATION_ID`, `BUILD_DATE`, `BUILD_NOTE`) VALUES
(1615309410, 0, '0000-00-00', NULL),
(1615360155, 504404751663231248, '2021-07-03', NULL),
(1615427731, 1614332162, '2021-03-12', NULL),
(1615818834, 1614332181, '2021-03-15', NULL),
(1615881662, 1614332181, '2021-03-16', NULL),
(504404752011829047, 504404752009721277, '2020-07-03', NULL);

-- --------------------------------------------------------

--
-- Struktur dari tabel `soft_module`
--

CREATE TABLE `soft_module` (
  `MODULE_ID` bigint(20) DEFAULT NULL,
  `APPLICATION_ID` bigint(20) DEFAULT NULL,
  `CODE` char(20) DEFAULT NULL,
  `NAME` char(64) DEFAULT NULL,
  `PARENT_ID` bigint(20) DEFAULT NULL,
  `DESCRIPTION` text
) ENGINE=InnoDB DEFAULT CHARSET=latin1;

--
-- Dumping data untuk tabel `soft_module`
--

INSERT INTO `soft_module` (`MODULE_ID`, `APPLICATION_ID`, `CODE`, `NAME`, `PARENT_ID`, `DESCRIPTION`) VALUES
(20200629001, 504404751663231248, NULL, '1Daftar Periode', NULL, NULL),
(20200629002, 504404751663231248, NULL, '2Kategori Barang', NULL, NULL),
(20200629003, 504404751663231248, NULL, '3Sub Category', NULL, NULL),
(20200629004, 504404751663231248, NULL, '4Daftar Merk', NULL, NULL),
(20200629005, 504404751663231248, NULL, '5Daftar Warna', NULL, NULL),
(20200629006, 504404751663231248, NULL, '6Daftar Satuan', NULL, NULL),
(20200629007, 504404751663231248, NULL, '7Daftar Lokasi', NULL, NULL),
(20200629008, 504404751663231248, NULL, '8Daftar Barang', NULL, NULL),
(20200629009, 504404751663231248, NULL, '9Daftar Supplier', NULL, NULL),
(20200629010, 504404751663231248, NULL, '10Tipe Harga', NULL, NULL),
(20200629011, 504404751663231248, NULL, '11Tipe Potongan', NULL, NULL),
(20200629012, 504404751663231248, NULL, '12Tipe Customer', NULL, NULL),
(20200629013, 504404751663231248, NULL, '13Daftar Member', NULL, NULL),
(20200629014, 504404751663231248, NULL, '14Point Member', NULL, NULL),
(20200629015, 504404751663231248, NULL, '15Jenis Mata Uang', NULL, NULL),
(20200629016, 504404751663231248, NULL, '16Nilai Tukar Harian', NULL, NULL),
(20200629017, 504404751663231248, NULL, '17Nilai Tukar Standart', NULL, NULL),
(20200629018, 504404751663231248, NULL, '18Tipe Biaya', NULL, NULL),
(20200629019, 504404751663231248, NULL, '19Sistem Pembayaran', NULL, NULL),
(20200629020, 504404751663231248, NULL, '20Daftar Promosi', NULL, NULL),
(20200629021, 504404751663231248, NULL, '21Jadwal Pemasaran', NULL, NULL),
(20200629022, 504404751663231248, NULL, '22Daftar Sales & Marketing', NULL, NULL),
(20200629023, 504404751663231248, NULL, 'B1Purchase Request', NULL, NULL),
(20200629024, 504404751663231248, NULL, 'B2Purchase Order', NULL, NULL),
(20200629025, 504404751663231248, NULL, 'B3Purchase Order Minimum Stock', NULL, NULL),
(20200629026, 504404751663231248, NULL, 'B4A/P', NULL, NULL),
(20200629027, 504404751663231248, NULL, 'B5Summary', NULL, NULL),
(20200629028, 504404751663231248, NULL, 'B6Detail Summarry', NULL, NULL),
(20200629029, 504404751663231248, NULL, 'C1Receiving With PO', NULL, NULL),
(20200629030, 504404751663231248, NULL, 'C2Add Receiving With PO', NULL, NULL),
(20200629031, 504404751663231248, NULL, 'C3Report', NULL, NULL),
(20200629032, 504404751663231248, NULL, 'C4Report Global', NULL, NULL),
(20200629033, 504404751663231248, NULL, 'C5Report By Receipt', NULL, NULL),
(20200629034, 504404751663231248, NULL, 'C6Report By Supplier', NULL, NULL),
(20200629035, 504404751663231248, NULL, 'C7Report By Category', NULL, NULL),
(20200629036, 504404751663231248, NULL, 'C8Add Receiving Without PO', NULL, NULL),
(20200629037, 504404751663231248, NULL, 'C9Report', NULL, NULL),
(20200629038, 504404751663231248, NULL, 'C10Report Global', NULL, NULL),
(20200629039, 504404751663231248, NULL, 'C11Report By Receipt', NULL, NULL),
(20200629040, 504404751663231248, NULL, 'C12Report By Supplier', NULL, NULL),
(20200629041, 504404751663231248, NULL, 'C13Report By Category', NULL, NULL),
(20200629042, 504404751663231248, NULL, 'C14Receiving From Warehouse', NULL, NULL),
(20200629043, 504404751663231248, NULL, 'C15Add Receiving From Warehouse', NULL, NULL),
(20200629044, 504404751663231248, NULL, 'C16Report', NULL, NULL),
(20200629045, 504404751663231248, NULL, 'C17Report Global', NULL, NULL),
(20200629046, 504404751663231248, NULL, 'C18Report By Supplier', NULL, NULL),
(20200629047, 504404751663231248, NULL, 'C19Report By Category', NULL, NULL),
(20200629048, 504404751663231248, NULL, 'C20Receiving Residu Qty', NULL, NULL),
(20200629049, 504404751663231248, NULL, 'C21Receiving Residu Qty (Warehouse)', NULL, NULL),
(20200629050, 504404751663231248, NULL, 'D1Add Return dengan Nota Penerimaan', NULL, NULL),
(20200629051, 504404751663231248, NULL, 'D2Add Return Tanpa Nota Penerimaan', NULL, NULL),
(20200629052, 504404751663231248, NULL, 'D3Report', NULL, NULL),
(20200629053, 504404751663231248, NULL, 'D4Report By Invoice', NULL, NULL),
(20200629054, 504404751663231248, NULL, 'D5Report By Supplier', NULL, NULL),
(20200629055, 504404751663231248, NULL, 'E1Request Transfer', NULL, NULL),
(20200629056, 504404751663231248, NULL, 'E2Add Transfer', NULL, NULL),
(20200629057, 504404751663231248, NULL, 'E3Report', NULL, NULL),
(20200629058, 504404751663231248, NULL, 'E4All', NULL, NULL),
(20200629059, 504404751663231248, NULL, 'E5By Invoice', NULL, NULL),
(20200629060, 504404751663231248, NULL, 'E6By Supplier', NULL, NULL),
(20200629061, 504404751663231248, NULL, 'E7By Category', NULL, NULL),
(20200629062, 504404751663231248, NULL, 'E8Transfer Unit', NULL, NULL),
(20200629063, 504404751663231248, NULL, 'E9Add Transfer Unit', NULL, NULL),
(20200629064, 504404751663231248, NULL, 'F1Add Costing', NULL, NULL),
(20200629065, 504404751663231248, NULL, 'F2Report', NULL, NULL),
(20200629066, 504404751663231248, NULL, 'F3Global', NULL, NULL),
(20200629067, 504404751663231248, NULL, 'F4By Category', NULL, NULL),
(20200629068, 504404751663231248, NULL, 'F5By Receipt', NULL, NULL),
(20200629069, 504404751663231248, NULL, 'G1Add Opname', NULL, NULL),
(20200629070, 504404751663231248, NULL, 'G2Correction Stock', NULL, NULL),
(20200629071, 504404751663231248, NULL, 'G3Report', NULL, NULL),
(20200629072, 504404751663231248, NULL, 'G4Global', NULL, NULL),
(20200629073, 504404751663231248, NULL, 'G5By Category', NULL, NULL),
(20200629074, 504404751663231248, NULL, 'G6By Supplier', NULL, NULL),
(20200629075, 504404751663231248, NULL, 'G7Stock Card', NULL, NULL),
(20200629076, 504404751663231248, NULL, 'G8Stock Position Report', NULL, NULL),
(20200629077, 504404751663231248, NULL, 'G9List Lost Correction Stock', NULL, NULL),
(20200629078, 504404751663231248, NULL, 'G10Posting', NULL, NULL),
(20200629079, 504404751663231248, NULL, 'G11Posting Stok', NULL, NULL),
(20200629080, 504404751663231248, NULL, 'G12Re Posting Stok', NULL, NULL),
(20200629081, 504404751663231248, NULL, 'H1Cash/Credit Sales Detail', NULL, NULL),
(20200629082, 504404751663231248, NULL, 'H2Cash/Credit Sales Summary', NULL, NULL),
(20210302084, 1614332181, NULL, 'aaaaadd', NULL, NULL),
(20210302085, 1614332181, NULL, 'hfgihgcfi', NULL, NULL),
(20210302086, 1614332181, NULL, 'ecak', NULL, NULL),
(20210303087, 1614331325, NULL, 'dsk199', NULL, NULL),
(20210303088, 1614332181, NULL, 'dsk199', NULL, NULL),
(20210303089, 1614332181, NULL, 'aaa', NULL, NULL),
(20210303090, 1614763549, NULL, 'aaa', NULL, NULL),
(20210303091, 1614332181, NULL, 'ecak', NULL, NULL),
(20210304092, 1614835239, NULL, 'dsk', NULL, NULL),
(20210304093, 1614835239, NULL, 'ciko', NULL, NULL),
(20210304094, 1614835239, NULL, 'popi', NULL, NULL),
(20210306095, 1614835239, NULL, 'ecak', NULL, NULL),
(20210325096, 1614332162, NULL, 'dsk', NULL, NULL),
(20210325097, 1614332162, NULL, 'hello world!', NULL, NULL),
(20210327098, 1616831435, NULL, 'Daftar Buku 2', NULL, NULL);

-- --------------------------------------------------------

--
-- Struktur dari tabel `soft_mod_item`
--

CREATE TABLE `soft_mod_item` (
  `MOD_ITEM_ID` bigint(20) NOT NULL,
  `MODULE_ID` bigint(20) DEFAULT NULL,
  `CODE` char(20) DEFAULT NULL,
  `ITEM_NAME` char(64) DEFAULT NULL,
  `PARENT_ID` bigint(20) DEFAULT NULL,
  `DESCRIPTION` text
) ENGINE=InnoDB DEFAULT CHARSET=latin1;

--
-- Dumping data untuk tabel `soft_mod_item`
--

INSERT INTO `soft_mod_item` (`MOD_ITEM_ID`, `MODULE_ID`, `CODE`, `ITEM_NAME`, `PARENT_ID`, `DESCRIPTION`) VALUES
(20210308001, 20210304092, NULL, 'bacot', NULL, NULL),
(20210308002, 20210304093, NULL, 'CIKOCIK', NULL, NULL),
(20210308003, 20210304093, NULL, 'hello world', NULL, NULL),
(20210308004, 20210304092, NULL, 'andrew kalaweit', NULL, NULL),
(20210309005, 20210304093, NULL, 'ecak', NULL, NULL),
(20210325006, 20210303089, NULL, 'MOON', NULL, NULL),
(20210325007, 20200629001, NULL, 'hello world', NULL, NULL),
(20210325008, 20210325096, NULL, 'bacot', NULL, NULL),
(20210327009, 20210327098, NULL, 'test 2', NULL, NULL);

-- --------------------------------------------------------

--
-- Struktur dari tabel `soft_os`
--

CREATE TABLE `soft_os` (
  `OS_ID` bigint(20) NOT NULL,
  `OS_NAME` char(20) DEFAULT NULL
) ENGINE=InnoDB DEFAULT CHARSET=latin1;

--
-- Dumping data untuk tabel `soft_os`
--

INSERT INTO `soft_os` (`OS_ID`, `OS_NAME`) VALUES
(20200703001, 'Windows 10'),
(504404480905985870, 'Windows XP'),
(504404480905996931, 'Windows 7'),
(504404480906102761, 'Windows 8'),
(504404480906112558, 'Linux Fedora'),
(504404480906128923, 'Linux Centos'),
(504404480906225790, 'Linux Red Hat'),
(504404480906253948, 'Windows Vista');

-- --------------------------------------------------------

--
-- Struktur dari tabel `soft_product`
--

CREATE TABLE `soft_product` (
  `PRODUCT_id` bigint(20) NOT NULL,
  `NAME` char(128) DEFAULT NULL,
  `PRODUCT_CODE` char(20) DEFAULT NULL,
  `ABBREVIATION` char(128) DEFAULT NULL,
  `DESCRIPTION` text
) ENGINE=InnoDB DEFAULT CHARSET=latin1;

--
-- Dumping data untuk tabel `soft_product`
--

INSERT INTO `soft_product` (`PRODUCT_id`, `NAME`, `PRODUCT_CODE`, `ABBREVIATION`, `DESCRIPTION`) VALUES
(1614324366, 'SISFOKA', '020', 'Sistem Informasi Akademik', 'lalalalala'),
(1616831395, 'SIP', '021', 'Sistem Informasi Perpustakaan', 'hello world'),
(504404480906112121, 'HANOMAN', '002', 'Hotel Reservation and Online Management System', ''),
(504404480906218224, 'HARISMA', '003', 'Human Resources Management System', ''),
(504404480906523766, 'PROCHAIN POS', '004', 'Sistem Retail and Distribution', ''),
(504404480906592843, 'AISO', '001', 'Accounting  Information Online System', ''),
(504404481062601019, 'KASIR', '005', 'KASIR', ''),
(504404488328721141, 'SODEVI', '006', 'Software Development Information System', ''),
(504404488655216581, 'LOG BOOK', '007', 'Log Book', ''),
(504404488659283472, 'DRS', '008', 'DIMATA REWARD SYSTEM', ''),
(504404500410328318, 'E- HOTEL', '009', 'E- Hotel', ''),
(504404599943647923, 'SARAS', '010', 'SARAS', ''),
(504404603140165788, 'KASIR WEB', '011', 'Kasir', ''),
(504404603140860254, 'OUTLET WEB', '012', 'Outlet', ''),
(504404604263590825, 'TRANSPORT WEB', '013', 'Transport', ''),
(504404605919925161, 'D-MANUAL USER', '014', 'Dimata Manual User', ''),
(504404712699434956, 'CASHLESS', '015', 'Project Cashless', '-'),
(504404751663205767, 'SISTEM RADITYA', 'RDTY', 'PC RDTY', 'Semua aplikasi\r ProChain \r Kasir\r Sedana\r AISO\r HR');

-- --------------------------------------------------------

--
-- Struktur dari tabel `soft_test`
--

CREATE TABLE `soft_test` (
  `TEST_ID` bigint(20) NOT NULL,
  `EMPLOYEE_TESTER_ID` bigint(20) DEFAULT NULL,
  `SOFT_APP_BUILD_ID` bigint(20) DEFAULT NULL COMMENT 'awalnya SOFT_APP_BUILD_ID menjadi APPLICATION_ID',
  `PASSWORD` char(20) DEFAULT NULL,
  `BROWSER` char(64) DEFAULT NULL,
  `VERSION_BROW` char(20) DEFAULT NULL,
  `SERVER_OS_ID` bigint(20) DEFAULT NULL,
  `OS_ID` bigint(20) DEFAULT NULL,
  `SERVER_DETAIL` char(255) DEFAULT NULL,
  `WORKS_DETAIL` char(255) DEFAULT NULL,
  `NOTE` longtext,
  `NO_TEST_SCRIPT` int(20) DEFAULT NULL,
  `APPLICATION_ID` bigint(20) DEFAULT NULL
) ENGINE=InnoDB DEFAULT CHARSET=latin1;

--
-- Dumping data untuk tabel `soft_test`
--

INSERT INTO `soft_test` (`TEST_ID`, `EMPLOYEE_TESTER_ID`, `SOFT_APP_BUILD_ID`, `PASSWORD`, `BROWSER`, `VERSION_BROW`, `SERVER_OS_ID`, `OS_ID`, `SERVER_DETAIL`, `WORKS_DETAIL`, `NOTE`, `NO_TEST_SCRIPT`, `APPLICATION_ID`) VALUES
(1615370032, NULL, NULL, '$2y$10$7S5J4SHLxXuet', 'Chrome', '89.0.4389.82', 20200703001, 504404480905996931, 'helloo', NULL, 'world', NULL, 504404751663231248),
(1615370103, NULL, NULL, '$2y$10$7S5J4SHLxXuet', 'Chrome', '89.0.4389.82', 504404480905985870, 504404480906225790, 'HELLO', 'WORLDD', 'AAAAA', NULL, 1614332162),
(1615452838, NULL, NULL, '$2y$10$7S5J4SHLxXuet', 'Chrome', '89.0.4389.82', 504404480906112558, 504404480906128923, 'asd', 'asaa', 'adsada', NULL, 1614332181),
(1615452916, NULL, NULL, '$2y$10$7S5J4SHLxXuet', 'Chrome', '89.0.4389.82', 504404480905996931, 504404480906128923, 'adasfa', 'asfsdfa', 'egsfdg', NULL, 1614332181),
(1615453103, NULL, NULL, '$2y$10$7S5J4SHLxXuet', 'Chrome', '89.0.4389.82', 504404480906102761, 504404480906253948, '', '', '', NULL, 1614835239),
(1615453143, NULL, NULL, '$2y$10$7S5J4SHLxXuet', 'Chrome', '89.0.4389.82', 504404480906102761, 504404480906253948, 'qwertyu', 'arwersegdfh', 'vzsdgvret', NULL, 1614835239),
(1615453210, NULL, NULL, '$2y$10$7S5J4SHLxXuet', 'Chrome', '89.0.4389.82', 504404480906102761, 504404480906253948, 'qwertyu', 'arwersegdfh', 'vzsdgvret', NULL, 1614835239),
(1615809274, NULL, NULL, '$2y$10$7S5J4SHLxXuet', 'Chrome', '89.0.4389.82', 504404480906112558, 504404480906102761, 'asdfgg', 'asw', 'asdfhjjbkh\r\n', NULL, 1614332162),
(1615886567, NULL, NULL, '$2y$10$7S5J4SHLxXuet', 'Chrome', '89.0.4389.82', 504404480905985870, 504404480905996931, 'abcd', 'bacot', 'jsnfijbifbaij', NULL, 1614332181),
(1615889692, NULL, NULL, '$2y$10$7S5J4SHLxXuet', 'Chrome', '89.0.4389.82', 504404480905985870, 504404480906253948, 'haiiii', 'akuu', 'bosan\r\n', NULL, 1614332181),
(1615889831, NULL, NULL, '$2y$10$7S5J4SHLxXuet', 'Chrome', '89.0.4389.82', 504404480905985870, 504404480906253948, 'AWOKAWOK', 'WKWKW', 'HIHIHI\r\n', NULL, 504404751663231248),
(1615890140, NULL, 1615427731, '$2y$10$7S5J4SHLxXuet', 'Chrome', '89.0.4389.82', 504404480905985870, 504404480906112558, 'BORED', 'BORED', 'BORED\r\n', NULL, 1614332162),
(1615890285, NULL, NULL, '$2y$10$7S5J4SHLxXuet', 'Chrome', '89.0.4389.82', 504404480906102761, 504404480906128923, 'MANGAT', 'mangatt', 'semangatttt', NULL, 1614332162),
(1615890376, NULL, 1615427731, '$2y$10$7S5J4SHLxXuet', 'Chrome', '89.0.4389.82', 504404480906112558, 504404480906225790, 'MANGAT', 'MANGAT', 'MANGAT\r\n', NULL, 1614332162),
(1615905993, NULL, 1615360155, '$2y$10$7S5J4SHLxXuet', 'Chrome', '89.0.4389.82', 504404480905996931, 504404480905985870, '1234DGG', 'ETRGFV', 'FDTFD G\r\n', NULL, 504404751663231248),
(1615906444, NULL, 1615427731, '$2y$10$7S5J4SHLxXuet', 'Chrome', '89.0.4389.82', 504404480906112558, 504404480906225790, '123', '123', '123', NULL, 1614332162),
(1615957327, NULL, 1615881662, '$2y$10$7S5J4SHLxXuet', 'Chrome', '89.0.4389.82', 504404480905985870, 504404480906112558, 'dfaf', 'sfawd', 'sfwfdew', NULL, 1614332181),
(1616050147, NULL, 1615881662, '$2y$10$7S5J4SHLxXuet', 'Chrome', '89.0.4389.90', 504404480906102761, 504404480905996931, 'dadsdffg', 'fstrter', 'sdxwrr', NULL, 1614332181),
(1616232148, NULL, 1615881662, '$2y$10$7S5J4SHLxXuet', 'Chrome', '89.0.4389.90', 20200703001, 20200703001, 'POPIPO', 'CIKO', 'MOMO\r\n', NULL, 1614332181),
(504404752011591922, 504404394827296239, 0, 'admin', 'Firefox', '77.0', 20200703001, 20200703001, '_http://147.139.138.128:8080/ProChain_Raditya/login.jsp', '_', '_', NULL, 504404752009721277),
(504404752012911310, 16, 0, 'rida123', 'Firefox', '77.0', 20200703001, 20200703001, 'http://147.139.138.128:8080/ProChain_Raditya/login.jsp', '_', '_', NULL, 504404751663231248),
(504404762764977901, 16, 0, 'rida123', 'Chrome', '86.0.4240.111', 20200703001, 20200703001, '_nkjkk', '_nMNC', '_NCZ&lt Nc', NULL, 504404751663231248);

-- --------------------------------------------------------

--
-- Struktur dari tabel `soft_test_case`
--

CREATE TABLE `soft_test_case` (
  `TEST_CASE_ID` bigint(20) NOT NULL,
  `TEST_ITEM_ID` bigint(20) DEFAULT NULL,
  `TEST_CASE` char(128) DEFAULT NULL,
  `TEST_SCENARIO` longtext,
  `TEST_RESULT` longtext,
  `CODE` char(20) DEFAULT NULL,
  `DATA_INPUT` longtext
) ENGINE=InnoDB DEFAULT CHARSET=latin1;

--
-- Dumping data untuk tabel `soft_test_case`
--

INSERT INTO `soft_test_case` (`TEST_CASE_ID`, `TEST_ITEM_ID`, `TEST_CASE`, `TEST_SCENARIO`, `TEST_RESULT`, `CODE`, `DATA_INPUT`) VALUES
(1615186407, 1615180814, 'anjing kocik', '<p>cikocik</p>\r\n', '<p>bbbb</p>\r\n', NULL, '<p>aaaaa</p>\r\n'),
(1616688308, 1616688254, 'anjing kocik', NULL, NULL, NULL, NULL);

-- --------------------------------------------------------

--
-- Struktur dari tabel `soft_test_item`
--

CREATE TABLE `soft_test_item` (
  `TEST_ITEM_ID` bigint(20) NOT NULL,
  `MODULE_ID` bigint(20) NOT NULL,
  `ITEM_NAME` text
) ENGINE=InnoDB DEFAULT CHARSET=latin1;

--
-- Dumping data untuk tabel `soft_test_item`
--

INSERT INTO `soft_test_item` (`TEST_ITEM_ID`, `MODULE_ID`, `ITEM_NAME`) VALUES
(1615178873, 20210304092, 'bacot'),
(1615180814, 20210304093, 'CIKOCIK COMEL'),
(1615180838, 20210304093, 'hello world'),
(1615181280, 20210304092, 'andrew kalaweit'),
(1615282577, 20210304093, 'ecak'),
(1616659204, 20210303089, 'MOON'),
(1616664215, 20200629001, 'hello world'),
(1616688254, 20210325096, 'bacot'),
(1616832350, 20210327098, 'test 2');

--
-- Indexes for dumped tables
--

--
-- Indeks untuk tabel `app_user`
--
ALTER TABLE `app_user`
  ADD PRIMARY KEY (`id`);

--
-- Indeks untuk tabel `hr_employee`
--
ALTER TABLE `hr_employee`
  ADD PRIMARY KEY (`EMPLOYEE_ID`);

--
-- Indeks untuk tabel `soft_application`
--
ALTER TABLE `soft_application`
  ADD PRIMARY KEY (`APPLICATION_ID`);

--
-- Indeks untuk tabel `soft_app_build`
--
ALTER TABLE `soft_app_build`
  ADD PRIMARY KEY (`SOFT_APP_BUILD_ID`);

--
-- Indeks untuk tabel `soft_mod_item`
--
ALTER TABLE `soft_mod_item`
  ADD PRIMARY KEY (`MOD_ITEM_ID`);

--
-- Indeks untuk tabel `soft_os`
--
ALTER TABLE `soft_os`
  ADD PRIMARY KEY (`OS_ID`);

--
-- Indeks untuk tabel `soft_product`
--
ALTER TABLE `soft_product`
  ADD PRIMARY KEY (`PRODUCT_id`);

--
-- Indeks untuk tabel `soft_test`
--
ALTER TABLE `soft_test`
  ADD PRIMARY KEY (`TEST_ID`),
  ADD KEY `idx_aplic` (`EMPLOYEE_TESTER_ID`,`SOFT_APP_BUILD_ID`);

--
-- Indeks untuk tabel `soft_test_case`
--
ALTER TABLE `soft_test_case`
  ADD PRIMARY KEY (`TEST_CASE_ID`),
  ADD KEY `idx_test_case` (`TEST_CASE_ID`,`TEST_ITEM_ID`);

--
-- Indeks untuk tabel `soft_test_item`
--
ALTER TABLE `soft_test_item`
  ADD PRIMARY KEY (`TEST_ITEM_ID`,`MODULE_ID`),
  ADD KEY `id_test` (`TEST_ITEM_ID`);

--
-- AUTO_INCREMENT untuk tabel yang dibuang
--

--
-- AUTO_INCREMENT untuk tabel `app_user`
--
ALTER TABLE `app_user`
  MODIFY `id` int(11) NOT NULL AUTO_INCREMENT, AUTO_INCREMENT=6;
COMMIT;

/*!40101 SET CHARACTER_SET_CLIENT=@OLD_CHARACTER_SET_CLIENT */;
/*!40101 SET CHARACTER_SET_RESULTS=@OLD_CHARACTER_SET_RESULTS */;
/*!40101 SET COLLATION_CONNECTION=@OLD_COLLATION_CONNECTION */;
